"0","# Calculate numerical summaries using summarize_at() function"
"0","m400_summary <- record_data %>%"
"0","  summarize_at(vars(m400), list("
"0","    mean = ~mean(., na.rm = TRUE),"
"0","    sd = ~sd(., na.rm = TRUE),"
"0","    median = ~median(., na.rm = TRUE),"
"0","    Q1 = ~quantile(., 0.25, na.rm = TRUE),"
"0","    Q3 = ~quantile(., 0.75, na.rm = TRUE),"
"0","    max = ~max(., na.rm = TRUE),"
"0","    min = ~min(., na.rm = TRUE),"
"0","    IQR = ~IQR(., na.rm = TRUE)"
"0","  ))"
"0","m400_summary"
