{"chunk_definitions":[{"row":19,"row_count":1,"visible":true,"expansion_state":0,"options":{"engine":"r","echo":false,"label":"unnamed-chunk-17"},"document_id":"EC64C7E0","chunk_id":"c4vtp3z5t4jqz","chunk_label":"unnamed-chunk-1"},{"row":28,"row_count":1,"visible":true,"expansion_state":0,"options":{"engine":"r","label":"unnamed-chunk-18"},"document_id":"EC64C7E0","chunk_id":"co8qmgyqouq14","chunk_label":"unnamed-chunk-2"},{"row":52,"row_count":1,"visible":true,"expansion_state":0,"options":{"engine":"r","label":"unnamed-chunk-19"},"document_id":"EC64C7E0","chunk_id":"cy6l8lavilmtj","chunk_label":"unnamed-chunk-3"},{"row":62,"row_count":1,"visible":true,"expansion_state":0,"options":{"engine":"r","label":"unnamed-chunk-20"},"document_id":"EC64C7E0","chunk_id":"ch621etc5q1mo","chunk_label":"unnamed-chunk-4"},{"row":76,"row_count":1,"visible":true,"expansion_state":0,"options":{"engine":"r","label":"unnamed-chunk-21"},"document_id":"EC64C7E0","chunk_id":"cu07s3tqrxp7o","chunk_label":"unnamed-chunk-5"}],"doc_write_time":1725850973}