timestamp,eta,max_depth,gamma,subsample,colsample_bytree,min_child_weight,lambda,best_nrounds
2024-12-17T22:18:11.764783Z,0.05,6,0,0.8,0.8,1,5,549
2024-12-17T22:19:05.368727Z,0.1,6,0,0.8,0.8,1,3,233
2024-12-17T22:20:12.536091Z,0.1,7,0,0.8,0.8,1,3,163
2024-12-17T22:20:54.835031Z,0.1,7,0,0.8,0.9,1,3,163
2024-12-17T22:21:43.568928Z,0.1,6,0,0.8,0.8,2,4,233
2024-12-17T22:22:42.796158Z,0.1,6,0,0.8,0.8,3,5,323
2024-12-17T22:28:33.543155Z,0.1,10,0,1,0.8,1,5,193
2024-12-17T22:29:45.118546Z,0.1,6,0,1,0.8,0.8,6,240
2024-12-17T22:30:25.534068Z,0.1,6,0,1,0.8,0.8,7,254
2024-12-17T22:31:13.615114Z,0.1,6,0,1,0.8,0.8,8,224
2024-12-17T22:31:37.739148Z,0.1,6,0,0.9,0.9,2,5,176
2024-12-17T22:32:15.952786Z,0.1,6,0,0.8,0.8,3,5,323
2024-12-17T22:33:02.581081Z,0.1,8,0,0.9,0.8,3,7,463
2024-12-17T22:33:17.776409Z,0.2,6,0,0.8,0.8,3,5,195
2024-12-17T22:33:47.658221Z,0.2,7,0,0.8,0.8,3,5,195
2024-12-17T22:34:12.635453Z,0.2,8,0,0.8,0.8,3,5,195
2024-12-17T22:34:40.556945Z,0.2,9,0,0.8,0.8,3,5,195
2024-12-17T22:34:51.335225Z,0.3,4,0,0.8,0.8,3,5,114
2024-12-17T22:35:03.245210Z,0.3,5,0,0.8,0.8,3,5,114
2024-12-17T22:35:13.399314Z,0.3,6,0,0.8,0.8,3,5,114
2024-12-17T22:35:21.785465Z,0.3,7,0,0.8,0.8,3,5,114
2024-12-17T22:35:29.838380Z,0.3,8,0,0.8,0.8,3,5,114
2024-12-17T22:35:43.995620Z,0.3,4,0,0.8,0.8,2,5,77
2024-12-17T22:35:55.735348Z,0.3,4,0,0.8,0.8,1,5,81
2024-12-17T22:37:27.707284Z,0.05,6,0,0.8,0.8,1,5,549
2024-12-17T22:52:26.769582Z,0.05,6,0,0.8,0.8,1,5,549
2024-12-17T23:01:35.660549Z,0.05,6,0,0.8,0.8,1,5,549
2024-12-17T23:18:12.622679Z,0.05,6,0,0.8,0.8,1,5,549
